signal_date,execution_date,asset,asset_type,industry,score,rank,selected,target_weight
2018-07-31,2018-08-01,SZ399006,equity_index,,0.7265764935844706,1,True,1.0
2018-07-31,2018-08-01,SH000905,equity_index,,0.19389744549407822,2,False,0.0
2018-07-31,2018-08-01,SH000300,equity_index,,0.011277644600110132,3,False,0.0
2018-07-31,2018-08-01,SH000016,equity_index,,-0.3454340793680033,4,False,0.0
2018-07-31,2018-08-01,SH000852,equity_index,,-0.5863175043106544,5,False,0.0
2018-08-31,2018-09-03,SH000016,equity_index,,0.6118999766799739,1,True,1.0
2018-08-31,2018-09-03,SH000300,equity_index,,0.21449903761489783,2,False,0.0
2018-08-31,2018-09-03,SH000905,equity_index,,-0.03841847663544884,3,False,0.0
2018-08-31,2018-09-03,SH000852,equity_index,,-0.3109459988845464,4,False,0.0
2018-08-31,2018-09-03,SZ399006,equity_index,,-0.47703453877487756,5,False,0.0
2018-09-28,2018-10-08,SH000905,equity_index,,0.21323979391457937,1,True,1.0
2018-09-28,2018-10-08,SH000300,equity_index,,0.07323142698560833,2,False,0.0
2018-09-28,2018-10-08,SH000016,equity_index,,0.022353780921427757,3,False,0.0
2018-09-28,2018-10-08,SH000852,equity_index,,-0.04846066423901055,4,False,0.0
2018-09-28,2018-10-08,SZ399006,equity_index,,-0.26036433758260574,5,False,0.0
2018-10-31,2018-11-01,SH000016,equity_index,,0.6716633589760361,1,True,1.0
2018-10-31,2018-11-01,SH000300,equity_index,,0.5191383408657846,2,False,0.0
2018-10-31,2018-11-01,SH000905,equity_index,,-0.19460566121842382,3,False,0.0
2018-10-31,2018-11-01,SH000852,equity_index,,-0.48677152120528633,4,False,0.0
2018-10-31,2018-11-01,SZ399006,equity_index,,-0.5094245174181108,5,False,0.0
2018-11-30,2018-12-03,SH000016,equity_index,,1.5044217851528463,1,True,1.0
2018-11-30,2018-12-03,SH000300,equity_index,,0.7396137068944376,2,False,0.0
2018-11-30,2018-12-03,SH000905,equity_index,,-0.5077801034297069,3,False,0.0
2018-11-30,2018-12-03,SZ399006,equity_index,,-0.5697683824486789,4,False,0.0
2018-11-30,2018-12-03,SH000852,equity_index,,-1.1664870061688979,5,False,0.0
2018-12-28,2019-01-02,SH000016,equity_index,,1.3787750037320583,1,True,1.0
2018-12-28,2019-01-02,SH000300,equity_index,,0.4498891029401406,2,False,0.0
2018-12-28,2019-01-02,SZ399006,equity_index,,-0.41417216974917215,3,False,0.0
2018-12-28,2019-01-02,SH000905,equity_index,,-0.5940946280001355,4,False,0.0
2018-12-28,2019-01-02,SH000852,equity_index,,-0.8203973089228906,5,False,0.0
2019-01-31,2019-02-01,SH000016,equity_index,,0.5935488691286666,1,True,1.0
2019-01-31,2019-02-01,SH000300,equity_index,,0.46201634358615173,2,False,0.0
2019-01-31,2019-02-01,SH000905,equity_index,,-0.03279620171238956,3,False,0.0
2019-01-31,2019-02-01,SH000852,equity_index,,-0.5020859511401783,4,False,0.0
2019-01-31,2019-02-01,SZ399006,equity_index,,-0.5206830598622495,5,False,0.0
2019-02-28,2019-03-01,SH000016,equity_index,,0.4331358746802733,1,True,1.0
2019-02-28,2019-03-01,SH000300,equity_index,,0.27353784772700174,2,False,0.0
2019-02-28,2019-03-01,SH000852,equity_index,,0.13904440029875587,3,False,0.0
2019-02-28,2019-03-01,SH000905,equity_index,,0.12300294419358418,4,False,0.0
2019-02-28,2019-03-01,SZ399006,equity_index,,-0.9687210668996162,5,False,0.0
2019-03-29,2019-04-01,SH000300,equity_index,,0.6239187887092015,1,True,1.0
2019-03-29,2019-04-01,SH000016,equity_index,,0.5970899548566062,2,False,0.0
2019-03-29,2019-04-01,SH000905,equity_index,,-0.36976460566859026,3,False,0.0
2019-03-29,2019-04-01,SH000852,equity_index,,-0.3937344346832645,4,False,0.0
2019-03-29,2019-04-01,SZ399006,equity_index,,-0.45750970321395196,5,False,0.0
2019-04-30,2019-05-06,SH000300,equity_index,,0.18350932959857727,1,True,1.0
2019-04-30,2019-05-06,SZ399006,equity_index,,0.15620096899510416,2,False,0.0
2019-04-30,2019-05-06,SH000852,equity_index,,-0.07039755446935395,3,False,0.0
2019-04-30,2019-05-06,SH000905,equity_index,,-0.09690005973764125,4,False,0.0
2019-04-30,2019-05-06,SH000016,equity_index,,-0.17241268438668467,5,False,0.0
2019-05-31,2019-06-03,SH000016,equity_index,,0.9267068808040982,1,True,1.0
2019-05-31,2019-06-03,SH000300,equity_index,,0.7266613436333647,2,False,0.0
2019-05-31,2019-06-03,SZ399006,equity_index,,-0.3437245872169664,3,False,0.0
2019-05-31,2019-06-03,SH000905,equity_index,,-0.6348747501626251,4,False,0.0
2019-05-31,2019-06-03,SH000852,equity_index,,-0.674768887057871,5,False,0.0
2019-06-28,2019-07-01,SH000016,equity_index,,0.6146525273885921,1,True,1.0
2019-06-28,2019-07-01,SH000300,equity_index,,0.5909639522112687,2,False,0.0
2019-06-28,2019-07-01,SH000905,equity_index,,-0.36350872925889777,3,False,0.0
2019-06-28,2019-07-01,SH000852,equity_index,,-0.40550769484291904,4,False,0.0
2019-06-28,2019-07-01,SZ399006,equity_index,,-0.43660005549804354,5,False,0.0
2019-07-31,2019-08-01,SH000016,equity_index,,0.7770379546355954,1,True,1.0
2019-07-31,2019-08-01,SH000300,equity_index,,0.6347915198052527,2,False,0.0
2019-07-31,2019-08-01,SZ399006,equity_index,,-0.31811570468468414,3,False,0.0
2019-07-31,2019-08-01,SH000852,equity_index,,-0.5279577766382493,4,False,0.0
2019-07-31,2019-08-01,SH000905,equity_index,,-0.5657559931179145,5,False,0.0
2019-08-30,2019-09-02,SH000016,equity_index,,0.994082406773924,1,True,1.0
2019-08-30,2019-09-02,SH000300,equity_index,,0.7923761644340315,2,False,0.0
2019-08-30,2019-09-02,SZ399006,equity_index,,-0.47411932720956784,3,False,0.0
2019-08-30,2019-09-02,SH000905,equity_index,,-0.5099337541054856,4,False,0.0
2019-08-30,2019-09-02,SH000852,equity_index,,-0.8024054898929015,5,False,0.0
2019-09-30,2019-10-08,SH000300,equity_index,,1.1007392029601133,1,True,1.0
2019-09-30,2019-10-08,SH000016,equity_index,,0.9438863633708799,2,False,0.0
2019-09-30,2019-10-08,SZ399006,equity_index,,-0.20153879823639437,3,False,0.0
2019-09-30,2019-10-08,SH000905,equity_index,,-0.8770865521603537,4,False,0.0
2019-09-30,2019-10-08,SH000852,equity_index,,-0.9660002159342451,5,False,0.0
2019-10-31,2019-11-01,SH000016,equity_index,,0.7726104395101424,1,True,1.0
2019-10-31,2019-11-01,SH000300,equity_index,,0.6301191508208057,2,False,0.0
2019-10-31,2019-11-01,SZ399006,equity_index,,-0.29440227137624775,3,False,0.0
2019-10-31,2019-11-01,SH000905,equity_index,,-0.32423083031921324,4,False,0.0
2019-10-31,2019-11-01,SH000852,equity_index,,-0.7840964886354872,5,False,0.0
2019-11-29,2019-12-02,SH000016,equity_index,,0.7684538572127754,1,True,1.0
2019-11-29,2019-12-02,SH000300,equity_index,,0.641539678766499,2,False,0.0
2019-11-29,2019-12-02,SZ399006,equity_index,,-0.11457358270188397,3,False,0.0
2019-11-29,2019-12-02,SH000905,equity_index,,-0.620315905295949,4,False,0.0
2019-11-29,2019-12-02,SH000852,equity_index,,-0.675104047981441,5,False,0.0
2019-12-31,2020-01-02,SH000016,equity_index,,0.6543694774594275,1,True,1.0
2019-12-31,2020-01-02,SH000300,equity_index,,0.4937030846257874,2,False,0.0
2019-12-31,2020-01-02,SH000905,equity_index,,-0.03338887631842005,3,False,0.0
2019-12-31,2020-01-02,SZ399006,equity_index,,-0.05159999710971224,4,False,0.0
2019-12-31,2020-01-02,SH000852,equity_index,,-1.0630836886570818,5,False,0.0
2020-01-23,2020-02-03,SH000905,equity_index,,0.07948995233711896,1,True,1.0
2020-01-23,2020-02-03,SH000016,equity_index,,0.04262808286088443,2,False,0.0
2020-01-23,2020-02-03,SZ399006,equity_index,,0.008031280437184263,3,False,0.0
2020-01-23,2020-02-03,SH000300,equity_index,,0.006884828175975827,4,False,0.0
2020-01-23,2020-02-03,SH000852,equity_index,,-0.13703414381116302,5,False,0.0
2020-02-28,2020-03-02,SH000300,equity_index,,0.6432437095025334,1,True,1.0
2020-02-28,2020-03-02,SH000016,equity_index,,0.22012724370823436,2,False,0.0
2020-02-28,2020-03-02,SH000905,equity_index,,0.02884249464541401,3,False,0.0
2020-02-28,2020-03-02,SH000852,equity_index,,-0.33410011104652326,4,False,0.0
2020-02-28,2020-03-02,SZ399006,equity_index,,-0.5581133368096589,5,False,0.0
2020-03-31,2020-04-01,SH000300,equity_index,,0.12561457601231246,1,True,1.0
2020-03-31,2020-04-01,SH000905,equity_index,,0.12453315285861964,2,False,0.0
2020-03-31,2020-04-01,SH000852,equity_index,,0.11069648081201869,3,False,0.0
2020-03-31,2020-04-01,SZ399006,equity_index,,-0.12239062584652316,4,False,0.0
2020-03-31,2020-04-01,SH000016,equity_index,,-0.23845358383642484,5,False,0.0
2020-04-30,2020-05-06,SH000300,equity_index,,0.4792612891537068,1,True,1.0
2020-04-30,2020-05-06,SH000016,equity_index,,0.34863228708503047,2,False,0.0
2020-04-30,2020-05-06,SH000905,equity_index,,-0.0981441921052041,3,False,0.0
2020-04-30,2020-05-06,SH000852,equity_index,,-0.3634015903566242,4,False,0.0
2020-04-30,2020-05-06,SZ399006,equity_index,,-0.36634779377690835,5,False,0.0
2020-05-29,2020-06-01,SH000300,equity_index,,0.6123235503901225,1,True,1.0
2020-05-29,2020-06-01,SH000016,equity_index,,0.07074196912495673,2,False,0.0
2020-05-29,2020-06-01,SH000905,equity_index,,0.050822542426276325,3,False,0.0
2020-05-29,2020-06-01,SZ399006,equity_index,,-0.0885348142214251,4,False,0.0
2020-05-29,2020-06-01,SH000852,equity_index,,-0.6453532477199293,5,False,0.0
2020-06-30,2020-07-01,SH000905,equity_index,,0.31945695651632844,1,True,1.0
2020-06-30,2020-07-01,SH000852,equity_index,,0.20336507380050878,2,False,0.0
2020-06-30,2020-07-01,SH000300,equity_index,,0.0928201837611772,3,False,0.0
2020-06-30,2020-07-01,SZ399006,equity_index,,-0.29378149962065714,4,False,0.0
2020-06-30,2020-07-01,SH000016,equity_index,,-0.3218607144573583,5,False,0.0
2020-07-31,2020-08-03,SH000300,equity_index,,0.2810647363482046,1,True,1.0
2020-07-31,2020-08-03,SZ399006,equity_index,,0.21622281661526851,2,False,0.0
2020-07-31,2020-08-03,SH000016,equity_index,,0.16100780632832806,3,False,0.0
2020-07-31,2020-08-03,SH000905,equity_index,,0.06311809510986108,4,False,0.0
2020-07-31,2020-08-03,SH000852,equity_index,,0.04888478833786927,5,False,0.0
2020-07-31,2020-08-03,SH000688,equity_index,,-0.7702982427395302,6,False,0.0
2020-08-31,2020-09-01,SZ399006,equity_index,,0.31532444432261425,1,True,1.0
2020-08-31,2020-09-01,SH000300,equity_index,,0.3144900614544587,2,False,0.0
2020-08-31,2020-09-01,SH000905,equity_index,,0.11052394849400748,3,False,0.0
2020-08-31,2020-09-01,SH000852,equity_index,,0.048688258359853236,4,False,0.0
2020-08-31,2020-09-01,SH000016,equity_index,,-0.05135490544120533,5,False,0.0
2020-08-31,2020-09-01,SH000688,equity_index,,-0.7376718071897272,6,False,0.0
2020-09-30,2020-10-09,SH000300,equity_index,,0.4245074888818692,1,True,1.0
2020-09-30,2020-10-09,SZ399006,equity_index,,0.25079340355119256,2,False,0.0
2020-09-30,2020-10-09,SH000905,equity_index,,0.22057764185975182,3,False,0.0
2020-09-30,2020-10-09,SH000016,equity_index,,0.08217624240014546,4,False,0.0
2020-09-30,2020-10-09,SH000852,equity_index,,0.01434450826400585,5,False,0.0
2020-09-30,2020-10-09,SH000688,equity_index,,-0.9923992849569656,6,False,0.0
2020-10-30,2020-11-02,SH000300,equity_index,,0.47469902935784103,1,True,1.0
2020-10-30,2020-11-02,SH000016,equity_index,,0.3260665882907166,2,False,0.0
2020-10-30,2020-11-02,SH000905,equity_index,,0.05422740091466044,3,False,0.0
2020-10-30,2020-11-02,SZ399006,equity_index,,-0.08612459213277426,4,False,0.0
2020-10-30,2020-11-02,SH000852,equity_index,,-0.13709644324048373,5,False,0.0
2020-10-30,2020-11-02,SH000688,equity_index,,-0.6317719831899608,6,False,0.0
2020-11-30,2020-12-01,SH000300,equity_index,,0.6177012085984618,1,True,1.0
2020-11-30,2020-12-01,SH000016,equity_index,,0.33907248654443267,2,False,0.0
2020-11-30,2020-12-01,SZ399006,equity_index,,0.31106307487338153,3,False,0.0
2020-11-30,2020-12-01,SH000905,equity_index,,-0.02853692391418039,4,False,0.0
2020-11-30,2020-12-01,SH000852,equity_index,,-0.22584117522855063,5,False,0.0
2020-11-30,2020-12-01,SH000688,equity_index,,-1.0134586708735465,6,False,0.0
2020-12-31,2021-01-04,SH000300,equity_index,,0.7069371990483608,1,True,1.0
2020-12-31,2021-01-04,SH000016,equity_index,,0.7007427780299356,2,False,0.0
2020-12-31,2021-01-04,SH000905,equity_index,,0.03652017797400605,3,False,0.0
2020-12-31,2021-01-04,SH000852,equity_index,,-0.1452159304131265,4,False,0.0
2020-12-31,2021-01-04,SZ399006,equity_index,,-0.45779107969612715,5,False,0.0
2020-12-31,2021-01-04,SH000688,equity_index,,-0.8411931449430485,6,False,0.0
2021-01-29,2021-02-01,SH000016,equity_index,,0.47504933172983643,1,True,1.0
2021-01-29,2021-02-01,SH000300,equity_index,,0.37721721762979615,2,False,0.0
2021-01-29,2021-02-01,SH000905,equity_index,,0.3336988218405657,3,False,0.0
2021-01-29,2021-02-01,SH000852,equity_index,,-0.14899446094040025,4,False,0.0
2021-01-29,2021-02-01,SZ399006,equity_index,,-0.47418289577540573,5,False,0.0
2021-01-29,2021-02-01,SH000688,equity_index,,-0.562788014484391,6,False,0.0
2021-02-26,2021-03-01,SH000905,equity_index,,0.33141422145078225,1,True,1.0
2021-02-26,2021-03-01,SH000016,equity_index,,0.248057897113673,2,False,0.0
2021-02-26,2021-03-01,SH000300,equity_index,,0.16886127026681727,3,False,0.0
2021-02-26,2021-03-01,SH000688,equity_index,,-0.020571992398576933,4,False,0.0
2021-02-26,2021-03-01,SZ399006,equity_index,,-0.24862062076255254,5,False,0.0
2021-02-26,2021-03-01,SH000852,equity_index,,-0.4791407756701447,6,False,0.0
2021-03-31,2021-04-01,SH000016,equity_index,,0.49027382796820707,1,True,1.0
2021-03-31,2021-04-01,SH000300,equity_index,,0.3817350277965749,2,False,0.0
2021-03-31,2021-04-01,SH000905,equity_index,,0.23846520121519277,3,False,0.0
2021-03-31,2021-04-01,SH000852,equity_index,,-0.27130988686204593,4,False,0.0
2021-03-31,2021-04-01,SZ399006,equity_index,,-0.41095714721478743,5,False,0.0
2021-03-31,2021-04-01,SH000688,equity_index,,-0.42820702290313967,6,False,0.0
2021-04-30,2021-05-06,SH000905,equity_index,,0.7805082353660273,1,True,1.0
2021-04-30,2021-05-06,SH000300,equity_index,,0.16098396535621243,2,False,0.0
2021-04-30,2021-05-06,SH000852,equity_index,,0.1574850626477436,3,False,0.0
2021-04-30,2021-05-06,SH000016,equity_index,,0.132910419822314,4,False,0.0
2021-04-30,2021-05-06,SZ399006,equity_index,,-0.5226629707140058,5,False,0.0
2021-04-30,2021-05-06,SH000688,equity_index,,-0.7092247124782914,6,False,0.0
2021-05-31,2021-06-01,SH000905,equity_index,,0.8199782954889978,1,True,1.0
2021-05-31,2021-06-01,SH000852,equity_index,,0.36129516585128874,2,False,0.0
2021-05-31,2021-06-01,SH000300,equity_index,,0.010968972813830198,3,False,0.0
2021-05-31,2021-06-01,SZ399006,equity_index,,-0.0026962683232719525,4,False,0.0
2021-05-31,2021-06-01,SH000016,equity_index,,-0.3320509389187517,5,False,0.0
2021-05-31,2021-06-01,SH000688,equity_index,,-0.8574952269120931,6,False,0.0
2021-06-30,2021-07-01,SH000905,equity_index,,0.38288458640753054,1,True,1.0
2021-06-30,2021-07-01,SZ399006,equity_index,,0.1082885613631902,2,False,0.0
2021-06-30,2021-07-01,SH000852,equity_index,,0.06728268097195451,3,False,0.0
2021-06-30,2021-07-01,SH000300,equity_index,,-0.023682917165084638,4,False,0.0
2021-06-30,2021-07-01,SH000016,equity_index,,-0.1684574006171282,5,False,0.0
2021-06-30,2021-07-01,SH000688,equity_index,,-0.36631551096046244,6,False,0.0
2021-07-30,2021-08-02,SH000905,equity_index,,0.46234792982417927,1,True,1.0
2021-07-30,2021-08-02,SH000852,equity_index,,0.22003695973528417,2,False,0.0
2021-07-30,2021-08-02,SH000688,equity_index,,0.04551470478359404,3,False,0.0
2021-07-30,2021-08-02,SH000300,equity_index,,-0.13898578099589515,4,False,0.0
2021-07-30,2021-08-02,SH000016,equity_index,,-0.2944141009647602,5,False,0.0
2021-07-30,2021-08-02,SZ399006,equity_index,,-0.2944997123824028,6,False,0.0
2021-08-31,2021-09-01,SH000905,equity_index,,0.5275058218742927,1,True,1.0
2021-08-31,2021-09-01,SH000852,equity_index,,0.4203414705963104,2,False,0.0
2021-08-31,2021-09-01,SZ399006,equity_index,,0.01336727119136518,3,False,0.0
2021-08-31,2021-09-01,SH000688,equity_index,,-0.07981451560016317,4,False,0.0
2021-08-31,2021-09-01,SH000300,equity_index,,-0.1978739902579504,5,False,0.0
2021-08-31,2021-09-01,SH000016,equity_index,,-0.6835260578038539,6,False,0.0
2021-09-30,2021-10-08,SH000852,equity_index,,0.4467536288066778,1,True,1.0
2021-09-30,2021-10-08,SH000905,equity_index,,0.4265603544685993,2,False,0.0
2021-09-30,2021-10-08,SH000300,equity_index,,0.033318115888647235,3,False,0.0
2021-09-30,2021-10-08,SZ399006,equity_index,,-0.023218278450065077,4,False,0.0
2021-09-30,2021-10-08,SH000688,equity_index,,-0.16130663068649326,5,False,0.0
2021-09-30,2021-10-08,SH000016,equity_index,,-0.7221071900273662,6,False,0.0
2021-10-29,2021-11-01,SH000905,equity_index,,0.5345521829808564,1,True,1.0
2021-10-29,2021-11-01,SH000852,equity_index,,0.28467237038621185,2,False,0.0
2021-10-29,2021-11-01,SZ399006,equity_index,,0.21709268185190206,3,False,0.0
2021-10-29,2021-11-01,SH000300,equity_index,,0.10584546890112523,4,False,0.0
2021-10-29,2021-11-01,SH000688,equity_index,,-0.519521696030589,5,False,0.0
2021-10-29,2021-11-01,SH000016,equity_index,,-0.6226410080895051,6,False,0.0
2021-11-30,2021-12-01,SH000905,equity_index,,0.42701238774187655,1,True,1.0
2021-11-30,2021-12-01,SH000300,equity_index,,0.1561779676082361,2,False,0.0
2021-11-30,2021-12-01,SZ399006,equity_index,,0.08711262707453843,3,False,0.0
2021-11-30,2021-12-01,SH000852,equity_index,,0.08439919630810139,4,False,0.0
2021-11-30,2021-12-01,SH000016,equity_index,,-0.31971201304284125,5,False,0.0
2021-11-30,2021-12-01,SH000688,equity_index,,-0.4349901656899108,6,False,0.0
2021-12-31,2022-01-04,SH000852,equity_index,,0.6512539185124493,1,True,1.0
2021-12-31,2022-01-04,SH000905,equity_index,,0.596166047188079,2,False,0.0
2021-12-31,2022-01-04,SZ399006,equity_index,,0.010942200827022235,3,False,0.0
2021-12-31,2022-01-04,SH000300,equity_index,,-0.11726240455792877,4,False,0.0
2021-12-31,2022-01-04,SH000016,equity_index,,-0.336217338475724,5,False,0.0
2021-12-31,2022-01-04,SH000688,equity_index,,-0.8048824234938977,6,False,0.0
2022-01-28,2022-02-07,SH000905,equity_index,,0.4576054629729856,1,True,1.0
2022-01-28,2022-02-07,SH000016,equity_index,,0.3393937556451083,2,False,0.0
2022-01-28,2022-02-07,SH000300,equity_index,,0.3255082190629778,3,False,0.0
2022-01-28,2022-02-07,SH000852,equity_index,,0.2501547266733968,4,False,0.0
2022-01-28,2022-02-07,SZ399006,equity_index,,-0.31813558088840105,5,False,0.0
2022-01-28,2022-02-07,SH000688,equity_index,,-1.054526583466067,6,False,0.0
2022-02-28,2022-03-01,SH000016,equity_index,,0.7556659684801628,1,True,1.0
2022-02-28,2022-03-01,SH000300,equity_index,,0.5611386355123422,2,False,0.0
2022-02-28,2022-03-01,SH000905,equity_index,,0.19699606809924416,3,False,0.0
2022-02-28,2022-03-01,SH000852,equity_index,,-0.07065744203256494,4,False,0.0
2022-02-28,2022-03-01,SZ399006,equity_index,,-0.5034424057133534,5,False,0.0
2022-02-28,2022-03-01,SH000688,equity_index,,-0.9397008243458309,6,False,0.0
2022-03-31,2022-04-01,SH000016,equity_index,,0.5519064824534982,1,True,1.0
2022-03-31,2022-04-01,SH000852,equity_index,,0.5081559540132821,2,False,0.0
2022-03-31,2022-04-01,SH000905,equity_index,,0.2811430311301792,3,False,0.0
2022-03-31,2022-04-01,SH000300,equity_index,,0.19375322523725852,4,False,0.0
2022-03-31,2022-04-01,SH000688,equity_index,,-0.10252856454640763,5,False,0.0
2022-03-31,2022-04-01,SZ399006,equity_index,,-1.4324301282878091,6,False,0.0
2022-04-29,2022-05-05,SH000016,equity_index,,0.7196118222460981,1,True,1.0
2022-04-29,2022-05-05,SH000300,equity_index,,0.3791439704180969,2,False,0.0
2022-04-29,2022-05-05,SH000905,equity_index,,0.2294751475095177,3,False,0.0
2022-04-29,2022-05-05,SH000852,equity_index,,-0.09898425439169417,4,False,0.0
2022-04-29,2022-05-05,SZ399006,equity_index,,-0.5712928778872451,5,False,0.0
2022-04-29,2022-05-05,SH000688,equity_index,,-0.6579538078947749,6,False,0.0
2022-05-31,2022-06-01,SH000016,equity_index,,1.2468699065687259,1,True,1.0
2022-05-31,2022-06-01,SH000300,equity_index,,0.7887961835585601,2,False,0.0
2022-05-31,2022-06-01,SH000905,equity_index,,0.325725072954756,3,False,0.0
2022-05-31,2022-06-01,SH000852,equity_index,,-0.17583569446931718,4,False,0.0
2022-05-31,2022-06-01,SZ399006,equity_index,,-0.8765372828898051,5,False,0.0
2022-05-31,2022-06-01,SH000688,equity_index,,-1.3090181857229193,6,False,0.0
2022-06-30,2022-07-01,SH000016,equity_index,,0.8806337816834751,1,True,1.0
2022-06-30,2022-07-01,SH000300,equity_index,,0.6239315456816243,2,False,0.0
2022-06-30,2022-07-01,SH000905,equity_index,,0.5535897320403547,3,False,0.0
2022-06-30,2022-07-01,SH000852,equity_index,,0.17111802132854573,4,False,0.0
2022-06-30,2022-07-01,SH000688,equity_index,,-1.0290343682921632,5,False,0.0
2022-06-30,2022-07-01,SZ399006,equity_index,,-1.2002387124418368,6,False,0.0
2022-07-29,2022-08-01,SH000852,equity_index,,0.5658819783377675,1,True,1.0
2022-07-29,2022-08-01,SH000016,equity_index,,0.5225042115799018,2,False,0.0
2022-07-29,2022-08-01,SH000300,equity_index,,0.4274835581126496,3,False,0.0
2022-07-29,2022-08-01,SH000905,equity_index,,0.15179252749946232,4,False,0.0
2022-07-29,2022-08-01,SZ399006,equity_index,,-0.43210337943010774,5,False,0.0
2022-07-29,2022-08-01,SH000688,equity_index,,-1.235558896099673,6,False,0.0
2022-08-31,2022-09-01,SH000852,equity_index,,0.47728705000858856,1,True,1.0
2022-08-31,2022-09-01,SH000300,equity_index,,0.19291388319872996,2,False,0.0
2022-08-31,2022-09-01,SH000905,equity_index,,0.18095668923541558,3,False,0.0
2022-08-31,2022-09-01,SH000016,equity_index,,0.08222894904599315,4,False,0.0
2022-08-31,2022-09-01,SZ399006,equity_index,,0.07959023901877962,5,False,0.0
2022-08-31,2022-09-01,SH000688,equity_index,,-1.0129768105075077,6,False,0.0
2022-09-30,2022-10-10,SH000300,equity_index,,0.4559668931967462,1,True,1.0
2022-09-30,2022-10-10,SH000905,equity_index,,0.3921679077771662,2,False,0.0
2022-09-30,2022-10-10,SH000016,equity_index,,0.32721203718317715,3,False,0.0
2022-09-30,2022-10-10,SH000852,equity_index,,0.02091779947888786,4,False,0.0
2022-09-30,2022-10-10,SZ399006,equity_index,,-0.4886901361906999,5,False,0.0
2022-09-30,2022-10-10,SH000688,equity_index,,-0.7075745014452758,6,False,0.0
2022-10-31,2022-11-01,SH000905,equity_index,,0.4743479453159961,1,True,1.0
2022-10-31,2022-11-01,SH000852,equity_index,,0.206446172575382,2,False,0.0
2022-10-31,2022-11-01,SH000300,equity_index,,0.04980002699761754,3,False,0.0
2022-10-31,2022-11-01,SH000016,equity_index,,-0.1000274921241644,4,False,0.0
2022-10-31,2022-11-01,SH000688,equity_index,,-0.15735091900688636,5,False,0.0
2022-10-31,2022-11-01,SZ399006,equity_index,,-0.47321573375794657,6,False,0.0
2022-11-30,2022-12-01,SH000905,equity_index,,1.0480152352441858,1,True,1.0
2022-11-30,2022-12-01,SH000852,equity_index,,0.7946719507253162,2,False,0.0
2022-11-30,2022-12-01,SH000688,equity_index,,0.2760302365456151,3,False,0.0
2022-11-30,2022-12-01,SZ399006,equity_index,,-0.2048791511821134,4,False,0.0
2022-11-30,2022-12-01,SH000300,equity_index,,-0.6768464166894426,5,False,0.0
2022-11-30,2022-12-01,SH000016,equity_index,,-1.2369918546435605,6,False,0.0
2022-12-30,2023-01-03,SH000905,equity_index,,1.3244829265235611,1,True,1.0
2022-12-30,2023-01-03,SH000852,equity_index,,0.678518724145355,2,False,0.0
2022-12-30,2023-01-03,SH000300,equity_index,,-0.1373428286631431,3,False,0.0
2022-12-30,2023-01-03,SH000016,equity_index,,-0.4056317838713278,4,False,0.0
2022-12-30,2023-01-03,SH000688,equity_index,,-0.6665943091421691,5,False,0.0
2022-12-30,2023-01-03,SZ399006,equity_index,,-0.7934327289922757,6,False,0.0
2023-01-31,2023-02-01,SH000905,equity_index,,0.9093722229305573,1,True,1.0
2023-01-31,2023-02-01,SH000016,equity_index,,0.6472063233311158,2,False,0.0
2023-01-31,2023-02-01,SH000300,equity_index,,0.5106534456398362,3,False,0.0
2023-01-31,2023-02-01,SH000852,equity_index,,-0.041879871304574656,4,False,0.0
2023-01-31,2023-02-01,SH000688,equity_index,,-0.8395278084003874,5,False,0.0
2023-01-31,2023-02-01,SZ399006,equity_index,,-1.1858243121965473,6,False,0.0
2023-02-28,2023-03-01,SH000905,equity_index,,0.6693100622672858,1,True,1.0
2023-02-28,2023-03-01,SH000300,equity_index,,0.405413843898743,2,False,0.0
2023-02-28,2023-03-01,SH000016,equity_index,,0.38796962079903347,3,False,0.0
2023-02-28,2023-03-01,SH000852,equity_index,,-0.0706758146466688,4,False,0.0
2023-02-28,2023-03-01,SZ399006,equity_index,,-0.597403523647122,5,False,0.0
2023-02-28,2023-03-01,SH000688,equity_index,,-0.7946141886712716,6,False,0.0
2023-03-31,2023-04-03,SH000905,equity_index,,0.4860406326179827,1,True,1.0
2023-03-31,2023-04-03,SH000852,equity_index,,0.23219407302381317,2,False,0.0
2023-03-31,2023-04-03,SH000300,equity_index,,0.2139823398258051,3,False,0.0
2023-03-31,2023-04-03,SH000016,equity_index,,-0.11070502027825221,4,False,0.0
2023-03-31,2023-04-03,SH000688,equity_index,,-0.2837041609540981,5,False,0.0
2023-03-31,2023-04-03,SZ399006,equity_index,,-0.5378078642352513,6,False,0.0
2023-04-28,2023-05-04,SH000300,equity_index,,0.5344293469302575,1,True,1.0
2023-04-28,2023-05-04,SH000905,equity_index,,0.34941124632109577,2,False,0.0
2023-04-28,2023-05-04,SH000016,equity_index,,0.25179829725106784,3,False,0.0
2023-04-28,2023-05-04,SH000852,equity_index,,0.20792091365906934,4,False,0.0
2023-04-28,2023-05-04,SZ399006,equity_index,,-0.5436373175590824,5,False,0.0
2023-04-28,2023-05-04,SH000688,equity_index,,-0.7999224866024076,6,False,0.0
2023-05-31,2023-06-01,SH000300,equity_index,,0.4890616391265072,1,True,1.0
2023-05-31,2023-06-01,SH000905,equity_index,,0.32834564268381294,2,False,0.0
2023-05-31,2023-06-01,SH000852,equity_index,,0.19003545026365903,3,False,0.0
2023-05-31,2023-06-01,SH000016,equity_index,,0.038646960113240675,4,False,0.0
2023-05-31,2023-06-01,SH000688,equity_index,,-0.25864812477684884,5,False,0.0
2023-05-31,2023-06-01,SZ399006,equity_index,,-0.7874415674103707,6,False,0.0
2023-06-30,2023-07-03,SH000905,equity_index,,0.5674079925502706,1,True,1.0
2023-06-30,2023-07-03,SH000852,equity_index,,0.4288994329637019,2,False,0.0
2023-06-30,2023-07-03,SH000688,equity_index,,0.3106772073680428,3,False,0.0
2023-06-30,2023-07-03,SH000300,equity_index,,0.16926651696140732,4,False,0.0
2023-06-30,2023-07-03,SH000016,equity_index,,-0.24822565200361527,5,False,0.0
2023-06-30,2023-07-03,SZ399006,equity_index,,-1.2280254978398075,6,False,0.0
2023-07-31,2023-08-01,SH000852,equity_index,,0.7665927348926658,1,True,1.0
2023-07-31,2023-08-01,SH000905,equity_index,,0.7193677049906606,2,False,0.0
2023-07-31,2023-08-01,SH000688,equity_index,,0.09481349747919955,3,False,0.0
2023-07-31,2023-08-01,SH000300,equity_index,,0.0003910354715464526,4,False,0.0
2023-07-31,2023-08-01,SH000016,equity_index,,-0.5479092974661336,5,False,0.0
2023-07-31,2023-08-01,SZ399006,equity_index,,-1.0332556753679398,6,False,0.0
2023-08-31,2023-09-01,SH000300,equity_index,,0.7919322198571869,1,True,1.0
2023-08-31,2023-09-01,SH000016,equity_index,,0.5924116942141964,2,False,0.0
2023-08-31,2023-09-01,SH000905,equity_index,,0.2963850017872719,3,False,0.0
2023-08-31,2023-09-01,SH000852,equity_index,,-0.25628039590092044,4,False,0.0
2023-08-31,2023-09-01,SZ399006,equity_index,,-0.3742287502704631,5,False,0.0
2023-08-31,2023-09-01,SH000688,equity_index,,-1.0502197696872693,6,False,0.0
2023-09-28,2023-10-09,SH000300,equity_index,,0.5329851010699433,1,True,1.0
2023-09-28,2023-10-09,SH000016,equity_index,,0.5121730698221219,2,False,0.0
2023-09-28,2023-10-09,SH000905,equity_index,,0.29432812894442706,3,False,0.0
2023-09-28,2023-10-09,SH000852,equity_index,,-0.2195874739660646,4,False,0.0
2023-09-28,2023-10-09,SZ399006,equity_index,,-0.2769993954094062,5,False,0.0
2023-09-28,2023-10-09,SH000688,equity_index,,-0.8428994304610228,6,False,0.0
2023-10-31,2023-11-01,SH000016,equity_index,,1.1357776415738479,1,True,1.0
2023-10-31,2023-11-01,SH000300,equity_index,,0.7909188024872686,2,False,0.0
2023-10-31,2023-11-01,SH000905,equity_index,,0.3836148704285405,3,False,0.0
2023-10-31,2023-11-01,SH000852,equity_index,,-0.05080700707852834,4,False,0.0
2023-10-31,2023-11-01,SZ399006,equity_index,,-0.7108700201082596,5,False,0.0
2023-10-31,2023-11-01,SH000688,equity_index,,-1.548634287302869,6,False,0.0
2023-11-30,2023-12-01,SH000016,equity_index,,0.9606188093996014,1,True,1.0
2023-11-30,2023-12-01,SH000300,equity_index,,0.5418383145071308,2,False,0.0
2023-11-30,2023-12-01,SH000905,equity_index,,0.3404661786270189,3,False,0.0
2023-11-30,2023-12-01,SH000852,equity_index,,-0.007217024209199424,4,False,0.0
2023-11-30,2023-12-01,SZ399006,equity_index,,-0.6809893962428595,5,False,0.0
2023-11-30,2023-12-01,SH000688,equity_index,,-1.154716882081692,6,False,0.0
2023-12-29,2024-01-02,SH000852,equity_index,,0.9144877697292686,1,True,1.0
2023-12-29,2024-01-02,SH000905,equity_index,,0.8188949276585848,2,False,0.0
2023-12-29,2024-01-02,SH000016,equity_index,,0.38144396139055303,3,False,0.0
2023-12-29,2024-01-02,SH000300,equity_index,,-0.057380214293024895,4,False,0.0
2023-12-29,2024-01-02,SH000688,equity_index,,-1.0050923104183982,5,False,0.0
2023-12-29,2024-01-02,SZ399006,equity_index,,-1.0523541340669849,6,False,0.0
2024-01-31,2024-02-01,SH000016,equity_index,,0.7744500659774185,1,True,1.0
2024-01-31,2024-02-01,SH000300,equity_index,,0.4317272056846465,2,False,0.0
2024-01-31,2024-02-01,SH000905,equity_index,,0.03496551039476667,3,False,0.0
2024-01-31,2024-02-01,SH000852,equity_index,,-0.33911092786592706,4,False,0.0
2024-01-31,2024-02-01,SH000688,equity_index,,-0.3886252984812164,5,False,0.0
2024-01-31,2024-02-01,SZ399006,equity_index,,-0.5134065557096881,6,False,0.0
2024-02-29,2024-03-01,SH000016,equity_index,,1.071030370526512,1,True,1.0
2024-02-29,2024-03-01,SH000300,equity_index,,0.5543528483090785,2,False,0.0
2024-02-29,2024-03-01,SH000905,equity_index,,-0.10590783891539829,3,False,0.0
2024-02-29,2024-03-01,SH000852,equity_index,,-0.3076101934101194,4,False,0.0
2024-02-29,2024-03-01,SZ399006,equity_index,,-0.5950662994894882,5,False,0.0
2024-02-29,2024-03-01,SH000688,equity_index,,-0.6167988870205837,6,False,0.0
2024-03-29,2024-04-01,SH000016,equity_index,,0.8087140563302125,1,True,1.0
2024-03-29,2024-04-01,SH000300,equity_index,,0.7150564654326577,2,False,0.0
2024-03-29,2024-04-01,SH000905,equity_index,,0.2500214488614004,3,False,0.0
2024-03-29,2024-04-01,SH000688,equity_index,,-0.3580567138863156,4,False,0.0
2024-03-29,2024-04-01,SZ399006,equity_index,,-0.6170111879318754,5,False,0.0
2024-03-29,2024-04-01,SH000852,equity_index,,-0.7987240688060793,6,False,0.0
2024-04-30,2024-05-06,SH000016,equity_index,,0.8411256410668575,1,True,1.0
2024-04-30,2024-05-06,SH000300,equity_index,,0.7458038013554434,2,False,0.0
2024-04-30,2024-05-06,SH000905,equity_index,,-0.10150598544390202,3,False,0.0
2024-04-30,2024-05-06,SH000852,equity_index,,-0.40251656920631784,4,False,0.0
2024-04-30,2024-05-06,SZ399006,equity_index,,-0.4620907418444402,5,False,0.0
2024-04-30,2024-05-06,SH000688,equity_index,,-0.6208161459276411,6,False,0.0
2024-05-31,2024-06-03,SH000300,equity_index,,0.5650982530709483,1,True,1.0
2024-05-31,2024-06-03,SH000016,equity_index,,0.5554354522483774,2,False,0.0
2024-05-31,2024-06-03,SH000905,equity_index,,0.27095031188786384,3,False,0.0
2024-05-31,2024-06-03,SZ399006,equity_index,,-0.042035537058343043,4,False,0.0
2024-05-31,2024-06-03,SH000852,equity_index,,-0.6138644387342963,5,False,0.0
2024-05-31,2024-06-03,SH000688,equity_index,,-0.73558404141455,6,False,0.0
2024-06-28,2024-07-01,SH000016,equity_index,,0.7243638247625204,1,True,1.0
2024-06-28,2024-07-01,SH000300,equity_index,,0.6649219162951703,2,False,0.0
2024-06-28,2024-07-01,SH000905,equity_index,,0.13512609512758272,3,False,0.0
2024-06-28,2024-07-01,SZ399006,equity_index,,0.003382977970534204,4,False,0.0
2024-06-28,2024-07-01,SH000852,equity_index,,-0.576302664989458,5,False,0.0
2024-06-28,2024-07-01,SH000688,equity_index,,-0.9514921491663499,6,False,0.0
2024-07-31,2024-08-01,SH000016,equity_index,,1.3245666664371614,1,True,1.0
2024-07-31,2024-08-01,SH000300,equity_index,,1.0536034516612445,2,False,0.0
2024-07-31,2024-08-01,SH000905,equity_index,,-0.24338796879268237,3,False,0.0
2024-07-31,2024-08-01,SZ399006,equity_index,,-0.39602549945026927,4,False,0.0
2024-07-31,2024-08-01,SH000852,equity_index,,-0.8233168287862607,5,False,0.0
2024-07-31,2024-08-01,SH000688,equity_index,,-0.9154398210691934,6,False,0.0
2024-08-30,2024-09-02,SH000016,equity_index,,0.7225877775419581,1,True,1.0
2024-08-30,2024-09-02,SH000300,equity_index,,0.7023351552440225,2,False,0.0
2024-08-30,2024-09-02,SH000688,equity_index,,-0.21410161561349955,3,False,0.0
2024-08-30,2024-09-02,SZ399006,equity_index,,-0.3411954578129736,4,False,0.0
2024-08-30,2024-09-02,SH000905,equity_index,,-0.37071252515657027,5,False,0.0
2024-08-30,2024-09-02,SH000852,equity_index,,-0.49891333420293577,6,False,0.0
2024-09-30,2024-10-08,SH000016,equity_index,,0.710687180469711,1,True,1.0
2024-09-30,2024-10-08,SH000300,equity_index,,0.4757747428011637,2,False,0.0
2024-09-30,2024-10-08,SH000905,equity_index,,-0.06300108399584087,3,False,0.0
2024-09-30,2024-10-08,SH000852,equity_index,,-0.31279749588373185,4,False,0.0
2024-09-30,2024-10-08,SH000688,equity_index,,-0.36018576206916175,5,False,0.0
2024-09-30,2024-10-08,SZ399006,equity_index,,-0.45047758132214094,6,False,0.0
2024-10-31,2024-11-01,SH000016,equity_index,,0.331387540172082,1,True,1.0
2024-10-31,2024-11-01,SH000852,equity_index,,0.2696771697545362,2,False,0.0
2024-10-31,2024-11-01,SH000905,equity_index,,0.1908843219334342,3,False,0.0
2024-10-31,2024-11-01,SH000300,equity_index,,0.14609546359369285,4,False,0.0
2024-10-31,2024-11-01,SH000688,equity_index,,-0.18158492069022597,5,False,0.0
2024-10-31,2024-11-01,SZ399006,equity_index,,-0.7564595747635192,6,False,0.0
2024-11-29,2024-12-02,SH000016,equity_index,,0.3980553366441433,1,True,1.0
2024-11-29,2024-12-02,SH000300,equity_index,,0.25217881721925867,2,False,0.0
2024-11-29,2024-12-02,SH000905,equity_index,,0.18476940749477275,3,False,0.0
2024-11-29,2024-12-02,SH000852,equity_index,,0.035635681338835726,4,False,0.0
2024-11-29,2024-12-02,SH000688,equity_index,,-0.0039588619851256,5,False,0.0
2024-11-29,2024-12-02,SZ399006,equity_index,,-0.8666803807118846,6,False,0.0
2024-12-31,2025-01-02,SH000688,equity_index,,0.3061189446213998,1,True,1.0
2024-12-31,2025-01-02,SH000300,equity_index,,0.033977484226915045,2,False,0.0
2024-12-31,2025-01-02,SH000852,equity_index,,0.003824051515730287,3,False,0.0
2024-12-31,2025-01-02,SH000016,equity_index,,-0.038701470265317395,4,False,0.0
2024-12-31,2025-01-02,SH000905,equity_index,,-0.07255160009001468,5,False,0.0
2024-12-31,2025-01-02,SZ399006,equity_index,,-0.23266741000871227,6,False,0.0
2025-01-27,2025-02-05,SH000688,equity_index,,0.6166172018658654,1,True,1.0
2025-01-27,2025-02-05,SH000852,equity_index,,0.01090286266186015,2,False,0.0
2025-01-27,2025-02-05,SH000905,equity_index,,-0.02307857782704307,3,False,0.0
2025-01-27,2025-02-05,SH000016,equity_index,,-0.02384259052436688,4,False,0.0
2025-01-27,2025-02-05,SH000300,equity_index,,-0.18485723091038872,5,False,0.0
2025-01-27,2025-02-05,SZ399006,equity_index,,-0.39574166526592747,6,False,0.0
2025-02-28,2025-03-03,SH000016,equity_index,,0.24014396500734025,1,True,1.0
2025-02-28,2025-03-03,SH000300,equity_index,,0.2092482971375727,2,False,0.0
2025-02-28,2025-03-03,SH000852,equity_index,,0.09517113708174674,3,False,0.0
2025-02-28,2025-03-03,SH000905,equity_index,,0.05155009016528389,4,False,0.0
2025-02-28,2025-03-03,SH000688,equity_index,,-0.17767468021742827,5,False,0.0
2025-02-28,2025-03-03,SZ399006,equity_index,,-0.418438809174516,6,False,0.0
2025-03-31,2025-04-01,SH000852,equity_index,,0.2792069997207476,1,True,1.0
2025-03-31,2025-04-01,SH000688,equity_index,,0.27310394953607753,2,False,0.0
2025-03-31,2025-04-01,SH000905,equity_index,,0.200678111748547,3,False,0.0
2025-03-31,2025-04-01,SH000300,equity_index,,-0.13364405230937923,4,False,0.0
2025-03-31,2025-04-01,SZ399006,equity_index,,-0.24727851103615361,5,False,0.0
2025-03-31,2025-04-01,SH000016,equity_index,,-0.37206649765984035,6,False,0.0
2025-04-30,2025-05-06,SH000016,equity_index,,0.41512436438779937,1,True,1.0
2025-04-30,2025-05-06,SH000300,equity_index,,0.1903368015913917,2,False,0.0
2025-04-30,2025-05-06,SH000852,equity_index,,0.18059970746253684,3,False,0.0
2025-04-30,2025-05-06,SH000905,equity_index,,0.08839974870266497,4,False,0.0
2025-04-30,2025-05-06,SH000688,equity_index,,0.005159326148143684,5,False,0.0
2025-04-30,2025-05-06,SZ399006,equity_index,,-0.8796199482925364,6,False,0.0
2025-05-30,2025-06-03,SH000016,equity_index,,0.9434591670936152,1,True,1.0
2025-05-30,2025-06-03,SH000300,equity_index,,0.4988601215345113,2,False,0.0
2025-05-30,2025-06-03,SH000688,equity_index,,0.3441304761071885,3,False,0.0
2025-05-30,2025-06-03,SH000905,equity_index,,0.026287032628579073,4,False,0.0
2025-05-30,2025-06-03,SH000852,equity_index,,-0.35555337766114276,5,False,0.0
2025-05-30,2025-06-03,SZ399006,equity_index,,-1.45718341970275,6,False,0.0
2025-06-30,2025-07-01,SH000016,equity_index,,0.9969801433172948,1,True,1.0
2025-06-30,2025-07-01,SH000300,equity_index,,0.5329949240654325,2,False,0.0
2025-06-30,2025-07-01,SH000852,equity_index,,0.02854459481694943,3,False,0.0
2025-06-30,2025-07-01,SH000905,equity_index,,0.028432826943829093,4,False,0.0
2025-06-30,2025-07-01,SH000688,equity_index,,-0.19751872110298366,5,False,0.0
2025-06-30,2025-07-01,SZ399006,equity_index,,-1.3894337680405222,6,False,0.0
2025-07-31,2025-08-01,SH000852,equity_index,,0.6645369962922736,1,True,1.0
2025-07-31,2025-08-01,SH000016,equity_index,,0.6216931896375537,2,False,0.0
2025-07-31,2025-08-01,SH000905,equity_index,,0.28479581692332,3,False,0.0
2025-07-31,2025-08-01,SH000300,equity_index,,0.2818060831986403,4,False,0.0
2025-07-31,2025-08-01,SZ399006,equity_index,,-0.74414080197226,5,False,0.0
2025-07-31,2025-08-01,SH000688,equity_index,,-1.1086912840795282,6,False,0.0
2025-08-29,2025-09-01,SH000905,equity_index,,0.3999903279935906,1,True,1.0
2025-08-29,2025-09-01,SH000300,equity_index,,0.3880185287838872,2,False,0.0
2025-08-29,2025-09-01,SZ399006,equity_index,,0.2934603011466021,3,False,0.0
2025-08-29,2025-09-01,SH000016,equity_index,,0.15187392089773016,4,False,0.0
2025-08-29,2025-09-01,SH000852,equity_index,,0.11564611875978861,5,False,0.0
2025-08-29,2025-09-01,SH000688,equity_index,,-1.348989197581599,6,False,0.0
2025-09-30,2025-10-09,SH000300,equity_index,,0.3005412169498699,1,True,1.0
2025-09-30,2025-10-09,SH000852,equity_index,,0.21663246620048704,2,False,0.0
2025-09-30,2025-10-09,SH000905,equity_index,,0.1289988436517362,3,False,0.0
2025-09-30,2025-10-09,SZ399006,equity_index,,-0.1646212563201397,4,False,0.0
2025-09-30,2025-10-09,SH000016,equity_index,,-0.21542631419205172,5,False,0.0
2025-09-30,2025-10-09,SH000688,equity_index,,-0.2661249562899021,6,False,0.0
2025-10-31,2025-11-03,SZ399006,equity_index,,0.2289745207962653,1,True,1.0
2025-10-31,2025-11-03,SH000852,equity_index,,0.17817213028117068,2,False,0.0
2025-10-31,2025-11-03,SH000905,equity_index,,0.04770395682070999,3,False,0.0
2025-10-31,2025-11-03,SH000300,equity_index,,-0.03737409502841152,4,False,0.0
2025-10-31,2025-11-03,SH000016,equity_index,,-0.12558785243663764,5,False,0.0
2025-10-31,2025-11-03,SH000688,equity_index,,-0.29188866043309675,6,False,0.0
2025-11-28,2025-12-01,SZ399006,equity_index,,0.13051024790206,1,True,1.0
2025-11-28,2025-12-01,SH000300,equity_index,,0.04495892692409459,2,False,0.0
2025-11-28,2025-12-01,SH000905,equity_index,,0.024419874860613977,3,False,0.0
2025-11-28,2025-12-01,SH000016,equity_index,,0.00734607492427819,4,False,0.0
2025-11-28,2025-12-01,SH000852,equity_index,,-0.08857517288914064,5,False,0.0
2025-11-28,2025-12-01,SH000688,equity_index,,-0.1186599517219063,6,False,0.0
2025-12-31,2026-01-05,SH000016,equity_index,,0.42177313243908404,1,True,1.0
2025-12-31,2026-01-05,SH000300,equity_index,,0.3648700594794996,2,False,0.0
2025-12-31,2026-01-05,SH000852,equity_index,,-0.008557140444832467,3,False,0.0
2025-12-31,2026-01-05,SZ399006,equity_index,,-0.14144857788527873,4,False,0.0
2025-12-31,2026-01-05,SH000905,equity_index,,-0.17566626265718308,5,False,0.0
2025-12-31,2026-01-05,SH000688,equity_index,,-0.4609712109312887,6,False,0.0
2026-01-30,2026-02-02,SZ399006,equity_index,,0.858739677103767,1,True,1.0
2026-01-30,2026-02-02,SH000300,equity_index,,0.5886793885490373,2,False,0.0
2026-01-30,2026-02-02,SH000016,equity_index,,-0.07200125287245232,3,False,0.0
2026-01-30,2026-02-02,SH000852,equity_index,,-0.28565179213854974,4,False,0.0
2026-01-30,2026-02-02,SH000905,equity_index,,-0.37037313602155053,5,False,0.0
2026-01-30,2026-02-02,SH000688,equity_index,,-0.7193928846202524,6,False,0.0
2026-02-27,2026-03-02,SH000300,equity_index,,0.2200353712355906,1,True,1.0
2026-02-27,2026-03-02,SZ399006,equity_index,,0.20764642074756198,2,False,0.0
2026-02-27,2026-03-02,SH000688,equity_index,,0.12400798795870507,3,False,0.0
2026-02-27,2026-03-02,SH000905,equity_index,,-0.09462702056631406,4,False,0.0
2026-02-27,2026-03-02,SH000852,equity_index,,-0.2038101754938767,5,False,0.0
2026-02-27,2026-03-02,SH000016,equity_index,,-0.25325258388166694,6,False,0.0
2026-03-31,2026-04-01,SH000905,equity_index,,0.38402555573508385,1,True,1.0
2026-03-31,2026-04-01,SH000300,equity_index,,0.32451900304648956,2,False,0.0
2026-03-31,2026-04-01,SH000016,equity_index,,0.23422555165207584,3,False,0.0
2026-03-31,2026-04-01,SH000852,equity_index,,-0.030824327504642847,4,False,0.0
2026-03-31,2026-04-01,SZ399006,equity_index,,-0.12055621537207978,5,False,0.0
2026-03-31,2026-04-01,SH000688,equity_index,,-0.7913895675569271,6,False,0.0
2026-04-30,2026-05-06,SH000300,equity_index,,0.45534150268692,1,True,1.0
2026-04-30,2026-05-06,SH000852,equity_index,,0.2543028938128339,2,False,0.0
2026-04-30,2026-05-06,SH000905,equity_index,,0.1324650307766432,3,False,0.0
2026-04-30,2026-05-06,SZ399006,equity_index,,-0.10375127792040703,4,False,0.0
2026-04-30,2026-05-06,SH000016,equity_index,,-0.22804930038376942,5,False,0.0
2026-04-30,2026-05-06,SH000688,equity_index,,-0.510308848972221,6,False,0.0
2026-05-29,2026-06-01,SH000300,equity_index,,0.5098667772598129,1,True,1.0
2026-05-29,2026-06-01,SZ399006,equity_index,,0.40107942192596135,2,False,0.0
2026-05-29,2026-06-01,SH000905,equity_index,,0.09532895885451413,3,False,0.0
2026-05-29,2026-06-01,SH000852,equity_index,,0.011993026790572209,4,False,0.0
2026-05-29,2026-06-01,SH000016,equity_index,,-0.10755936630485594,5,False,0.0
2026-05-29,2026-06-01,SH000688,equity_index,,-0.9107088185260048,6,False,0.0
2026-06-30,2026-07-01,SH000905,equity_index,,0.3448430221453497,1,True,1.0
2026-06-30,2026-07-01,SH000852,equity_index,,0.1814369425994654,2,False,0.0
2026-06-30,2026-07-01,SH000300,equity_index,,0.16774890560207448,3,False,0.0
2026-06-30,2026-07-01,SZ399006,equity_index,,-0.07645840420233618,4,False,0.0
2026-06-30,2026-07-01,SH000688,equity_index,,-0.22391499399011505,5,False,0.0
2026-06-30,2026-07-01,SH000016,equity_index,,-0.3936554721544381,6,False,0.0
